City_ID,City,Country,Date,Lat,Lng,Max Temp,Humidity,Cloudiness,Wind Speed
0,Ostrovnoy,RU,2022-03-06 22:11:26,68.0531,39.5131,10.78,89,99,5.84
1,Butaritari,KI,2022-03-06 22:11:27,3.0707,172.7902,81.45,78,24,18.7
2,Great Yarmouth,GB,2022-03-06 22:11:29,52.6083,1.7305,42.46,85,23,12.19
3,Ilinskiy,RU,2022-03-06 22:11:29,55.619,38.1182,29.91,64,75,4.47
4,Zyryanka,RU,2022-03-06 22:11:31,65.75,150.85,-28.19,100,100,1.79
5,Cape Town,ZA,2022-03-06 22:07:50,-33.9258,18.4232,71.28,83,24,13.8
6,Inirida,CO,2022-03-06 22:11:34,3.8653,-67.9239,81.18,74,99,2.44
7,Ushuaia,AR,2022-03-06 22:11:35,-54.8,-68.3,42.42,96,100,2.98
8,Talnakh,RU,2022-03-06 22:11:36,69.4865,88.3972,-28.82,98,40,3.0
9,Pisco,PE,2022-03-06 22:11:37,-13.7,-76.2167,73.45,83,75,8.05
10,Rikitea,PF,2022-03-06 22:11:39,-23.1203,-134.9692,79.29,77,100,18.19
11,Port Alfred,ZA,2022-03-06 22:11:39,-33.5906,26.891,77.88,69,100,9.26
12,Zhigalovo,RU,2022-03-06 22:11:40,54.8097,105.1578,25.34,95,100,5.1
13,Dunedin,NZ,2022-03-06 22:11:42,-45.8742,170.5036,53.8,81,100,3.0
14,Lae,PG,2022-03-06 22:11:43,-6.7221,146.9847,79.27,82,100,6.69
15,Moose Factory,CA,2022-03-06 22:11:44,51.2585,-80.6094,20.26,93,100,10.27
16,Port Elizabeth,ZA,2022-03-06 22:11:45,-33.918,25.5701,76.1,75,100,4.68
17,La Ronge,CA,2022-03-06 22:11:47,55.1001,-105.2842,25.92,80,98,8.16
18,Kobelyaky,UA,2022-03-06 22:11:47,49.1489,34.1965,27.12,82,12,5.06
19,Uzhur,RU,2022-03-06 22:11:48,55.3036,89.8339,24.73,88,99,7.38
20,Kavaratti,IN,2022-03-06 22:11:50,10.5669,72.642,82.0,67,79,8.84
21,Tete,MZ,2022-03-06 22:11:51,-16.1564,33.5867,74.1,86,15,3.6
22,Charters Towers,AU,2022-03-06 22:11:53,-20.1,146.2667,83.8,31,20,7.96
23,Jamestown,US,2022-03-06 22:11:54,42.097,-79.2353,63.72,58,20,16.11
24,Cherskiy,RU,2022-03-06 22:11:55,68.75,161.3,-31.07,100,30,1.07
25,Fortuna,US,2022-03-06 22:11:58,40.5982,-124.1573,60.19,65,0,14.97
26,Kapaa,US,2022-03-06 22:12:00,22.0752,-159.319,81.12,59,20,12.66
27,Rocha,UY,2022-03-06 22:12:00,-34.4833,-54.3333,69.46,87,100,6.58
28,Avarua,CK,2022-03-06 22:12:01,-21.2078,-159.775,82.45,83,75,10.36
29,Busselton,AU,2022-03-06 22:12:04,-33.65,115.3333,66.04,89,2,14.9
30,Hobart,AU,2022-03-06 22:12:06,-42.8794,147.3294,56.12,71,75,10.36
31,Vaini,TO,2022-03-06 22:12:07,-21.2,-175.2,82.56,89,75,13.8
32,Pandamatenga,BW,2022-03-06 22:12:09,-18.5278,25.627,65.25,85,43,3.74
33,Faanui,PF,2022-03-06 22:12:09,-16.4833,-151.75,81.82,72,89,11.7
34,Comodoro Rivadavia,AR,2022-03-06 22:12:11,-45.8667,-67.5,62.46,48,40,6.91
35,Escondido,US,2022-03-06 22:11:12,33.1192,-117.0864,63.72,59,0,9.22
36,Thompson,CA,2022-03-06 22:12:11,55.7435,-97.8558,20.35,86,100,9.06
37,Kunnamangalam,IN,2022-03-06 22:12:12,11.3046,75.8777,77.63,85,66,3.76
38,Saint Anthony,US,2022-03-06 22:12:16,45.0205,-93.218,32.09,82,100,12.66
39,Bluff,NZ,2022-03-06 22:12:16,-46.6,168.3333,51.8,66,100,16.02
40,Mahebourg,MU,2022-03-06 22:12:16,-20.4081,57.7,80.26,84,100,18.72
41,Den Helder,NL,2022-03-06 22:12:18,52.9599,4.7593,39.97,85,75,8.05
42,Lagoa,PT,2022-03-06 22:12:20,39.05,-27.9833,60.37,90,98,34.34
43,Lavrentiya,RU,2022-03-06 22:12:22,65.5833,-171.0,6.91,84,100,8.95
44,Georgetown,MY,2022-03-06 22:12:23,5.4112,100.3354,78.73,83,20,5.75
45,Mosalsk,RU,2022-03-06 22:12:25,54.4881,34.9817,22.46,93,100,8.39
46,New Norfolk,AU,2022-03-06 22:13:25,-42.7826,147.0587,55.76,65,72,3.04
47,Esperance,AU,2022-03-06 22:13:27,-33.8667,121.9,62.06,90,3,6.69
48,Leningradskiy,RU,2022-03-06 22:13:27,69.3833,178.4167,-19.64,96,54,5.91
49,Norman Wells,CA,2022-03-06 22:13:28,65.282,-126.8329,24.21,94,100,13.89
50,Kasongo-Lunda,CD,2022-03-06 22:13:29,-6.4667,16.8167,67.96,86,100,1.19
51,Deputatskiy,RU,2022-03-06 22:13:29,69.3,139.9,-29.7,100,93,1.12
52,Hamilton,US,2022-03-06 22:10:23,39.1834,-84.5333,68.77,87,100,16.11
53,Zhangye,CN,2022-03-06 22:13:30,38.9342,100.4517,37.72,17,66,4.61
54,Vardo,NO,2022-03-06 22:13:30,70.3705,31.1107,22.98,68,0,10.36
55,Te Anau,NZ,2022-03-06 22:13:31,-45.4167,167.7167,49.86,96,100,3.24
56,Mataura,NZ,2022-03-06 22:13:33,-46.1927,168.8643,51.48,90,100,5.68
57,Tirlyanskiy,RU,2022-03-06 22:13:34,54.2109,58.5806,-1.05,98,53,3.98
58,Belmonte,BR,2022-03-06 22:13:35,-15.8631,-38.8828,81.1,81,51,8.14
59,Nikolskoye,RU,2022-03-06 22:13:35,59.7035,30.7861,32.72,97,91,4.07
60,Ribeira Grande,PT,2022-03-06 22:13:36,38.5167,-28.7,59.72,88,98,32.75
61,Vila,PT,2022-03-06 22:13:39,42.0304,-8.1588,37.33,75,8,4.32
62,Dilla,ET,2022-03-06 22:13:41,6.41,38.31,64.29,41,98,4.29
63,Fairbanks,US,2022-03-06 22:11:49,64.8378,-147.7164,28.36,73,100,11.5
64,Saint-Francois,FR,2022-03-06 22:13:41,46.4154,3.9054,29.64,69,0,1.14
65,Severo-Kurilsk,RU,2022-03-06 22:13:42,50.6789,156.125,28.54,79,100,25.32
66,Nalut,LY,2022-03-06 22:13:44,30.3333,10.85,56.25,26,85,8.59
67,Kruisfontein,ZA,2022-03-06 22:13:46,-34.0033,24.7314,73.89,50,100,5.57
68,Punta Arenas,CL,2022-03-06 22:11:32,-53.15,-70.9167,48.31,66,40,6.91
69,Cidreira,BR,2022-03-06 22:13:47,-30.1811,-50.2056,75.18,93,100,4.65
70,Roma,US,2022-03-06 22:13:48,43.2128,-75.4557,71.46,42,75,9.22
71,Tobermory,CA,2022-03-06 22:13:49,45.2501,-81.6665,33.31,85,100,27.54
72,Yarumal,CO,2022-03-06 22:13:49,6.9632,-75.4174,56.03,95,96,2.08
73,Ladario,BR,2022-03-06 22:13:49,-19.0047,-57.6017,86.97,50,81,5.79
74,Mendeleyevsk,RU,2022-03-06 22:13:50,55.9082,52.2905,7.84,100,84,3.83
75,Namatanai,PG,2022-03-06 22:13:52,-3.6667,152.4333,81.86,73,79,3.11
76,Sao Joao Da Barra,BR,2022-03-06 22:13:52,-21.6403,-41.0511,78.13,84,1,11.88
77,Gunnedah,AU,2022-03-06 22:13:53,-30.9833,150.25,64.02,82,96,4.54
78,Kodiak,US,2022-03-06 22:09:24,57.79,-152.4072,44.11,33,0,8.05
79,Ayorou,NE,2022-03-06 22:13:55,14.7308,0.9174,82.99,7,66,8.12
80,Port Lincoln,AU,2022-03-06 22:13:57,-34.7333,135.8667,62.37,74,94,15.1
81,San Felipe,VE,2022-03-06 22:13:58,10.3399,-68.7425,76.08,71,94,8.63
82,Belgrade,RS,2022-03-06 22:10:00,44.804,20.4651,36.7,91,20,5.75
83,Garowe,SO,2022-03-06 22:14:00,8.4054,48.4845,68.05,73,7,13.56
84,Mount Isa,AU,2022-03-06 22:14:03,-20.7333,139.5,76.77,31,5,10.36
85,Bengkulu,ID,2022-03-06 22:14:05,-3.8004,102.2655,75.65,84,98,3.98
86,Candelaria,PH,2022-03-06 22:14:06,13.9311,121.4233,72.0,85,100,5.44
87,Bonavista,CA,2022-03-06 22:12:20,48.6499,-53.1147,24.12,56,97,4.54
88,Tiksi,RU,2022-03-06 22:14:09,71.6872,128.8694,-24.27,97,51,1.48
89,Atuona,PF,2022-03-06 22:14:10,-9.8,-139.0333,78.42,75,95,10.67
90,Caravelas,BR,2022-03-06 22:14:11,-17.7125,-39.2481,77.9,76,100,6.93
91,Albany,US,2022-03-06 22:13:41,42.6001,-73.9662,63.21,68,75,15.5
92,Tasiilaq,GL,2022-03-06 22:14:11,65.6145,-37.6368,24.96,94,97,6.71
93,East London,ZA,2022-03-06 22:15:12,-33.0153,27.9116,75.52,77,100,12.35
94,Khatanga,RU,2022-03-06 22:15:13,71.9667,102.5,-14.13,98,100,3.53
95,Tadine,NC,2022-03-06 22:15:15,-21.55,167.8833,80.8,74,24,2.93
96,Libertador General San Martin,AR,2022-03-06 22:15:16,-23.8064,-64.7876,90.93,53,88,2.98
97,Lorengau,PG,2022-03-06 22:15:18,-2.0226,147.2712,80.94,78,99,7.85
98,Roald,NO,2022-03-06 22:15:19,62.5833,6.1333,42.94,70,75,19.57
99,Tuktoyaktuk,CA,2022-03-06 22:15:20,69.4541,-133.0374,6.8,85,75,8.05
100,Shingu,JP,2022-03-06 22:14:53,33.7333,135.9833,40.91,63,85,6.26
101,Pevek,RU,2022-03-06 22:15:22,69.7008,170.3133,-25.49,97,28,2.33
102,Hobyo,SO,2022-03-06 22:15:24,5.3505,48.5268,78.19,68,87,15.86
103,Gualeguay,AR,2022-03-06 22:11:29,-33.1416,-59.3097,71.06,93,89,6.38
104,San Cristobal,VE,2022-03-06 22:15:27,7.7669,-72.225,68.18,78,100,4.41
105,Astana,KZ,2022-03-06 22:15:29,51.1801,71.446,31.95,86,100,31.32
106,Carutapera,BR,2022-03-06 22:15:30,-1.195,-46.02,74.52,97,100,8.93
107,Huarmey,PE,2022-03-06 22:15:34,-10.0681,-78.1522,74.71,77,55,7.36
108,Puerto Ayora,EC,2022-03-06 22:15:35,-0.7393,-90.3518,82.36,75,75,3.62
109,Vila Franca Do Campo,PT,2022-03-06 22:15:37,37.7167,-25.4333,63.19,85,99,13.53
110,Ilebo,CD,2022-03-06 22:15:38,-4.3167,20.5833,71.96,97,100,1.66
111,Griffith,US,2022-03-06 22:11:32,41.5284,-87.4237,45.1,69,0,13.8
112,Zalantun,CN,2022-03-06 22:15:42,48.0,122.7167,12.2,89,99,3.94
113,Chokurdakh,RU,2022-03-06 22:15:43,70.6333,147.9167,-27.71,100,91,2.82
114,Chuy,UY,2022-03-06 22:15:43,-33.6971,-53.4616,71.46,86,100,7.65
115,Sartell,US,2022-03-06 22:15:45,45.6216,-94.2069,31.44,69,100,16.11
116,Qaqortoq,GL,2022-03-06 22:15:46,60.7167,-46.0333,19.9,96,100,2.44
117,Sambava,MG,2022-03-06 22:15:47,-14.2667,50.1667,75.16,91,100,3.42
118,Koroni,GR,2022-03-06 22:15:48,36.8,21.95,49.06,69,43,10.2
119,Hermanus,ZA,2022-03-06 22:15:48,-34.4187,19.2345,69.8,88,55,6.33
120,Port Blair,IN,2022-03-06 22:15:49,11.6667,92.75,75.24,88,40,1.14
121,Kaitangata,NZ,2022-03-06 22:15:50,-46.2817,169.8464,52.63,72,100,8.7
122,Verkh-Usugli,RU,2022-03-06 22:15:51,52.7,115.1667,2.61,99,98,1.83
123,Fairlie,GB,2022-03-06 22:15:53,55.756,-4.8556,35.85,78,39,5.7
124,Porto Novo,BJ,2022-03-06 22:15:53,6.4965,2.6036,81.61,77,91,6.29
125,Arraial Do Cabo,BR,2022-03-06 22:12:49,-22.9661,-42.0278,76.86,83,0,14.97
126,Poya,NC,2022-03-06 22:15:54,-21.35,165.15,81.81,69,66,1.9
127,Jiamusi,CN,2022-03-06 22:15:55,46.8333,130.35,5.36,94,53,6.24
128,Wanning,CN,2022-03-06 22:15:55,18.8003,110.3967,72.79,86,100,5.82
129,Atambua,ID,2022-03-06 22:15:58,-9.1061,124.8925,73.13,84,100,2.98
130,Flinders,AU,2022-03-06 22:15:58,-34.5833,150.8552,74.37,95,99,4.0
131,Klaksvik,FO,2022-03-06 22:15:58,62.2266,-6.589,45.52,93,100,28.23
132,Mogzon,RU,2022-03-06 22:15:59,51.7435,111.9606,3.25,99,100,0.85
133,Husavik,IS,2022-03-06 22:16:01,66.0449,-17.3389,33.71,79,9,16.04
134,Tuy Hoa,VN,2022-03-06 22:16:01,13.0833,109.3,72.97,93,99,3.09
135,New Glasgow,CA,2022-03-06 22:12:32,45.5834,-62.6486,34.92,98,100,13.65
136,Sangar,RU,2022-03-06 22:16:04,63.9242,127.4739,1.51,85,100,8.32
137,Yellowknife,CA,2022-03-06 22:16:06,62.456,-114.3525,17.42,97,100,9.22
138,Horsham,GB,2022-03-06 22:17:06,51.064,-0.3272,42.03,72,40,14.97
139,Aitape,PG,2022-03-06 22:17:07,-3.1374,142.3475,79.18,81,91,2.75
140,Juba,SS,2022-03-06 22:17:09,4.8517,31.5825,87.37,23,95,4.07
141,Vao,NC,2022-03-06 22:17:09,-22.6667,167.4833,78.89,77,82,14.29
142,Qaanaaq,GL,2022-03-06 22:17:10,77.484,-69.3632,1.54,57,0,6.87
143,Bintulu,MY,2022-03-06 22:17:14,3.1667,113.0333,73.81,100,40,3.44
144,Dikson,RU,2022-03-06 22:17:15,73.5069,80.5464,-18.42,100,94,6.02
145,Raga,SS,2022-03-06 22:17:17,8.4596,25.678,81.12,15,8,2.8
146,Emerald,AU,2022-03-06 22:17:18,-23.5333,148.1667,78.35,38,0,11.21
147,Acajutla,SV,2022-03-06 22:17:20,13.5928,-89.8275,100.74,57,71,8.5
148,San Quintin,MX,2022-03-06 22:17:21,30.4833,-115.95,59.4,55,0,19.13
149,Aklavik,CA,2022-03-06 22:17:23,68.2191,-135.0107,16.63,86,100,16.06
150,Bredasdorp,ZA,2022-03-06 22:17:26,-34.5322,20.0403,69.28,78,1,11.5
151,Ilulissat,GL,2022-03-06 22:15:51,69.2167,-51.1,19.42,86,75,17.27
152,Berberati,CF,2022-03-06 22:17:28,4.2612,15.7922,73.96,64,34,3.09
153,Kahului,US,2022-03-06 22:17:29,20.8947,-156.47,84.22,51,20,9.22
154,Sibu,MY,2022-03-06 22:17:31,2.3,111.8167,73.71,94,40,4.61
155,Schwerin,DE,2022-03-06 22:17:33,53.6294,11.4132,32.72,92,17,1.99
156,Souillac,MU,2022-03-06 22:17:34,-20.5167,57.5167,80.37,89,75,12.66
157,Santa Maria,BR,2022-03-06 22:17:36,-29.6842,-53.8069,71.4,96,100,5.32
158,Bernau,DE,2022-03-06 22:17:36,52.6798,13.5871,35.62,67,91,3.06
159,Gidole,ET,2022-03-06 22:17:37,5.65,37.3667,64.17,29,60,5.01
160,Bethel,US,2022-03-06 22:17:38,41.3712,-73.414,66.31,77,0,11.5
161,Inhambane,MZ,2022-03-06 22:17:38,-23.865,35.3833,74.34,78,27,7.27
162,Alyangula,AU,2022-03-06 22:17:40,-13.8483,136.4192,83.61,79,100,7.27
163,Sidi Ali,DZ,2022-03-06 22:17:42,36.0998,0.4206,50.77,69,99,2.48
164,Saint-Philippe,RE,2022-03-06 22:17:44,-21.3585,55.7679,78.39,87,100,16.71
165,Hovd,MN,2022-03-06 22:17:45,48.0056,91.6419,13.01,57,100,6.11
166,Troitsko-Pechorsk,RU,2022-03-06 22:17:47,62.7084,56.1964,-13.59,100,99,3.49
167,Termiz,UZ,2022-03-06 22:17:48,37.2242,67.2783,51.89,82,100,4.61
168,Moindou,NC,2022-03-06 22:17:49,-21.6924,165.677,84.15,72,66,3.4
169,Scottsbluff,US,2022-03-06 22:17:49,41.8666,-103.6672,25.92,73,100,13.8
170,Mochudi,BW,2022-03-06 22:17:50,-24.4167,26.15,72.19,62,29,8.88
171,Tilichiki,RU,2022-03-06 22:17:51,60.4667,166.1,0.3,87,95,9.84
172,Nanortalik,GL,2022-03-06 22:17:53,60.1432,-45.2371,22.93,89,100,10.2
173,Makakilo City,US,2022-03-06 22:17:53,21.3469,-158.0858,80.92,51,0,11.5
174,Honiara,SB,2022-03-06 22:17:55,-9.4333,159.95,84.33,70,55,1.32
175,Ginda,IN,2022-03-06 22:17:56,30.6945,78.4932,51.28,38,100,5.35
176,Kirillov,RU,2022-03-06 22:17:59,59.863,38.3813,24.73,96,99,6.44
177,Auki,SB,2022-03-06 22:18:01,-8.7676,160.7034,83.98,63,78,0.49
178,Constitucion,CL,2022-03-06 22:18:02,-35.3333,-72.4167,62.46,73,3,9.66
179,Saint George,US,2022-03-06 22:18:03,37.1041,-113.5841,53.64,34,100,10.36
180,Yulara,AU,2022-03-06 22:18:04,-25.2406,130.9889,71.44,49,40,8.05
181,Hithadhoo,MV,2022-03-06 22:19:05,-0.6,73.0833,82.35,70,29,10.04
182,Guaruja,BR,2022-03-06 22:19:06,-23.9931,-46.2564,82.17,26,3,9.64
183,Dingle,PH,2022-03-06 22:19:08,10.9995,122.6711,73.42,89,100,6.26
184,Escarcega,MX,2022-03-06 22:19:09,18.6089,-90.7454,93.99,34,77,8.08
185,Cap Malheureux,MU,2022-03-06 22:19:10,-19.9842,57.6142,79.47,84,100,8.99
186,Avera,US,2022-03-06 22:19:10,33.194,-82.5271,83.71,42,0,8.14
187,Burgeo,CA,2022-03-06 22:19:11,47.6167,-57.6152,23.65,90,100,6.96
188,Sao Filipe,CV,2022-03-06 22:19:14,14.8961,-24.4956,71.22,69,75,16.31
189,Byron Bay,AU,2022-03-06 22:19:16,-28.65,153.6167,78.75,90,54,5.03
190,Barrow,US,2022-03-06 22:19:20,71.2906,-156.7887,6.82,78,100,12.66
191,Grimmen,DE,2022-03-06 22:19:22,54.1121,13.0405,33.03,89,51,6.64
192,Wonthaggi,AU,2022-03-06 22:19:23,-38.6044,145.5913,65.37,81,97,15.79
193,Dali,CN,2022-03-06 22:19:25,25.7,100.1833,48.27,51,0,3.89
194,Linxia,CN,2022-03-06 22:19:27,35.6003,103.2064,34.81,29,0,4.9
195,Carnarvon,AU,2022-03-06 22:19:28,-24.8667,113.6333,69.87,73,0,6.91
196,Cabo San Lucas,MX,2022-03-06 22:16:21,22.8909,-109.9124,79.61,64,0,13.8
197,Raudeberg,NO,2022-03-06 22:19:30,61.9875,5.1352,40.96,85,100,17.85
198,Hasaki,JP,2022-03-06 22:19:31,35.7333,140.8333,41.4,40,0,13.27
199,Hammerfest,NO,2022-03-06 22:19:33,70.6634,23.6821,27.05,80,75,4.61
200,Samarai,PG,2022-03-06 22:19:35,-10.6167,150.6667,82.9,77,100,5.88
201,Isla Mujeres,MX,2022-03-06 22:19:35,21.2311,-86.731,82.45,79,37,15.21
202,Itarema,BR,2022-03-06 22:19:35,-2.9248,-39.9167,77.86,85,76,8.97
203,Hilo,US,2022-03-06 22:19:36,19.7297,-155.09,78.53,70,75,6.91
204,Bemidji,US,2022-03-06 22:17:29,47.4736,-94.8803,28.06,74,100,14.97
205,Karratha,AU,2022-03-06 22:19:39,-20.7377,116.8463,82.45,65,2,9.33
206,Goderich,CA,2022-03-06 22:15:25,43.7501,-81.7165,38.21,80,100,11.5
207,Hashtrud,IR,2022-03-06 22:19:41,37.4779,47.0508,34.86,71,93,6.49
208,Dayong,CN,2022-03-06 22:19:42,25.0209,118.2898,58.89,92,100,2.66
209,Lakeside,US,2022-03-06 22:18:47,30.13,-81.7682,84.51,57,40,17.27
210,Provideniya,RU,2022-03-06 22:18:18,64.3833,-173.3,10.81,93,100,16.62
211,Liepaja,LV,2022-03-06 22:19:46,56.5419,21.0367,33.78,86,0,3.44
212,Benguela,AO,2022-03-06 22:19:47,-12.5763,13.4055,78.21,76,98,2.59
213,Ahipara,NZ,2022-03-06 22:19:49,-35.1667,173.1667,72.81,64,96,8.21
214,Taoudenni,ML,2022-03-06 22:19:50,22.6783,-3.9836,73.78,12,0,13.42
215,Shelburne,CA,2022-03-06 22:19:51,44.0787,-80.2041,39.56,95,95,27.89
216,Caucaia,BR,2022-03-06 22:19:52,-3.7361,-38.6531,76.95,83,75,6.91
217,Tuensang,IN,2022-03-06 22:19:52,26.2833,94.8333,56.25,61,0,3.71
218,Kavieng,PG,2022-03-06 22:19:53,-2.5744,150.7967,78.4,83,100,1.54
219,Hofn,IS,2022-03-06 22:19:53,64.2539,-15.2082,33.57,51,74,6.44
220,Ukiah,US,2022-03-06 22:19:55,39.1502,-123.2078,64.58,36,0,1.99
221,Bambous Virieux,MU,2022-03-06 22:19:57,-20.3428,57.7575,79.21,89,75,12.66
222,Alexandria,EG,2022-03-06 22:16:02,31.2156,29.9553,59.09,83,3,8.9
223,Vostok,RU,2022-03-06 22:20:00,46.4856,135.8833,5.11,98,95,4.03
224,Grindavik,IS,2022-03-06 22:20:01,63.8424,-22.4338,36.07,60,40,25.32
225,Komsomolskiy,UZ,2022-03-06 22:20:02,40.4272,71.7189,50.72,57,75,4.61
226,Torbay,CA,2022-03-06 22:17:47,47.6666,-52.7314,25.57,63,100,6.91
227,Richards Bay,ZA,2022-03-06 22:21:03,-28.783,32.0377,71.94,94,1,6.35
228,Santa Rosalia,MX,2022-03-06 22:21:03,27.3167,-112.2833,62.74,46,24,9.84
229,Tarko-Sale,RU,2022-03-06 22:21:04,64.9225,77.785,-24.7,98,100,9.73
230,Clyde River,CA,2022-03-06 22:21:05,70.4692,-68.5914,-5.57,77,0,9.22
231,Abnub,EG,2022-03-06 22:21:06,27.2696,31.1511,66.02,24,100,8.03
232,Urengoy,RU,2022-03-06 22:21:07,65.9667,78.3667,-38.38,100,63,5.39
233,Upernavik,GL,2022-03-06 22:21:08,72.7868,-56.1549,6.37,93,100,2.68
234,Sola,VU,2022-03-06 22:21:09,-13.8833,167.55,83.37,71,50,6.55
235,Codrington,AU,2022-03-06 22:21:09,-38.2667,141.9667,60.15,74,6,8.61
236,Talara,PE,2022-03-06 22:21:10,-4.5772,-81.2719,81.36,61,0,9.22
237,Akdagmadeni,TR,2022-03-06 22:21:10,39.6603,35.8836,29.79,88,51,2.33
238,Lebu,CL,2022-03-06 22:21:11,-37.6167,-73.65,60.24,80,33,10.33
239,Payerne,CH,2022-03-06 22:21:12,46.822,6.9361,34.74,70,1,6.91
240,Adrar,MR,2022-03-06 22:21:13,20.5022,-10.0711,64.92,14,0,11.83
241,Jumla,NP,2022-03-06 22:20:55,29.2747,82.1838,42.35,43,100,5.55
242,Along,IN,2022-03-06 22:21:15,28.1667,94.7667,55.38,68,0,2.19
243,Wangqing,CN,2022-03-06 22:21:16,43.3218,129.7634,17.33,79,60,1.99
244,Pochutla,MX,2022-03-06 22:21:18,15.7432,-96.4661,89.82,43,2,9.19
245,Bousso,TD,2022-03-06 22:21:19,10.4795,16.7117,90.07,18,59,5.77
246,Mbandaka,CD,2022-03-06 22:21:21,0.0487,18.2603,71.1,93,100,5.5
247,Ola,RU,2022-03-06 22:21:23,59.5833,151.2833,-4.74,87,51,8.63
248,Tacoronte,ES,2022-03-06 22:21:24,28.4769,-16.4102,58.55,74,75,18.01
249,San Juan,AR,2022-03-06 22:18:56,-31.5375,-68.5364,87.69,28,0,17.49
250,Bataipora,BR,2022-03-06 22:21:26,-22.2953,-53.2711,81.23,58,70,5.84
251,Vanavara,RU,2022-03-06 22:21:27,60.34,102.2797,-0.44,96,100,4.29
252,Srednekolymsk,RU,2022-03-06 22:21:29,67.45,153.6833,-30.44,100,92,5.37
253,Alofi,NU,2022-03-06 22:21:30,-19.0595,-169.9187,84.09,79,100,8.05
254,Viedma,AR,2022-03-06 22:21:31,-40.8135,-62.9967,79.05,17,100,13.76
255,Iqaluit,CA,2022-03-06 22:21:32,63.7506,-68.5145,-17.03,91,10,7.29
256,Alta Floresta,BR,2022-03-06 22:21:34,-9.8756,-56.0861,73.29,92,56,2.84
257,Kununurra,AU,2022-03-06 22:21:35,-15.7667,128.7333,76.98,94,100,0.0
258,Esfarayen,IR,2022-03-06 22:21:38,37.0765,57.5101,35.26,44,93,3.96
259,Secovce,SK,2022-03-06 22:21:40,48.7007,21.661,33.42,69,15,13.0
260,Sao Domingos,BR,2022-03-06 22:21:40,-13.3983,-46.3183,70.68,87,98,5.37
261,Airai,TL,2022-03-06 22:21:41,-8.9266,125.4092,59.52,84,99,1.88
262,Nouakchott,MR,2022-03-06 22:21:41,18.0858,-15.9785,66.13,63,1,13.53
263,Mount Gambier,AU,2022-03-06 22:18:22,-37.8333,140.7667,59.2,76,16,7.54
264,Asau,RO,2022-03-06 22:21:43,46.4333,26.4,29.32,93,98,1.74
265,Bubaque,GW,2022-03-06 22:21:45,11.2833,-15.8333,75.65,71,94,18.99
266,The Pas,CA,2022-03-06 22:21:46,53.8251,-101.2541,26.62,63,40,14.97
267,Camacha,PT,2022-03-06 22:21:48,33.0833,-16.3333,56.62,67,75,11.5
268,Haines Junction,CA,2022-03-06 22:21:49,60.7522,-137.5108,33.75,44,100,14.97
269,Batagay-Alyta,RU,2022-03-06 22:21:50,67.8006,130.4114,-29.99,92,58,5.32
270,Dwarka,IN,2022-03-06 22:16:55,22.2394,68.9678,72.46,72,2,9.91
271,Derzhavinsk,KZ,2022-03-06 22:22:50,51.1,66.3167,25.61,96,100,14.56
272,Mehamn,NO,2022-03-06 22:22:51,71.0357,27.8492,19.31,78,32,12.01
273,Ouro Preto Do Oeste,BR,2022-03-06 22:22:53,-10.7481,-62.2158,73.71,97,100,4.07
274,Sur,OM,2022-03-06 22:22:55,22.5667,59.5289,75.4,63,0,11.83
275,Stepnoye,RU,2022-03-06 22:22:55,51.4,46.8667,16.68,97,49,7.47
276,Menongue,AO,2022-03-06 22:22:56,-14.6585,17.691,65.26,95,100,2.91
277,Barcelos,PT,2022-03-06 22:22:58,41.5388,-8.6151,48.85,75,22,6.13
278,Dimona,IL,2022-03-06 22:22:59,31.0667,35.0333,49.86,79,1,14.0
279,Kasongo,CD,2022-03-06 22:23:01,-4.45,26.6667,67.06,96,100,2.19
280,Victoria,HK,2022-03-06 22:19:18,22.2855,114.1577,67.95,93,100,5.01
281,Huaicheng,CN,2022-03-06 22:23:04,23.9051,112.1931,61.86,85,100,2.91
282,Synya,RU,2022-03-06 22:23:05,65.3718,58.0387,-23.17,99,62,4.25
283,Portland,US,2022-03-06 22:20:12,45.5234,-122.6762,55.99,69,20,5.01
284,Am Timan,TD,2022-03-06 22:23:06,11.0297,20.2827,88.45,12,92,5.23
285,Hualmay,PE,2022-03-06 22:23:08,-11.0964,-77.6139,74.48,76,66,6.71
286,Alice Springs,AU,2022-03-06 22:23:08,-23.7,133.8833,72.95,46,21,2.3
287,Guerrero Negro,MX,2022-03-06 22:19:10,27.9769,-114.0611,62.22,46,8,21.61
288,Koslan,RU,2022-03-06 22:23:10,63.4564,48.8989,-13.43,100,39,3.18
289,Teseney,ER,2022-03-06 22:23:10,15.11,36.6575,82.02,39,17,9.04
290,Najran,SA,2022-03-06 22:23:10,17.4924,44.1277,61.45,15,6,1.59
291,Fare,PF,2022-03-06 22:23:11,-16.7,-151.0167,81.48,72,17,12.5
292,Monrovia,LR,2022-03-06 22:23:11,6.3005,-10.7969,78.57,86,51,7.14
293,Beringovskiy,RU,2022-03-06 22:23:12,63.05,179.3167,31.24,94,100,15.88
294,Vilyuysk,RU,2022-03-06 22:23:14,63.7553,121.6247,4.01,97,100,3.83
295,Zhigansk,RU,2022-03-06 22:23:14,66.7697,123.3711,-2.24,92,100,4.41
296,Trat,TH,2022-03-06 22:23:16,12.5,102.5,82.98,92,12,1.14
297,Sao Geraldo Do Araguaia,BR,2022-03-06 22:23:16,-6.4006,-48.555,75.22,95,100,2.35
298,Mar Del Plata,AR,2022-03-06 22:23:16,-38.0023,-57.5575,69.1,90,20,11.01
299,Pangody,RU,2022-03-06 22:23:17,65.85,74.4859,-33.43,100,78,7.52
300,Narsaq,GL,2022-03-06 22:23:18,60.9167,-46.05,19.62,96,100,2.95
301,Lokosovo,RU,2022-03-06 22:21:21,61.1333,74.8167,1.27,96,100,13.18
302,Sagua La Grande,CU,2022-03-06 22:23:22,22.8067,-80.0756,79.79,69,39,19.24
303,Cuamba,MZ,2022-03-06 22:23:22,-14.8031,36.5372,68.09,97,19,1.9
304,Ust-Nera,RU,2022-03-06 22:23:23,64.5667,143.2,-22.86,99,97,1.1
305,Fukue,JP,2022-03-06 22:23:24,32.6881,128.8419,47.1,53,100,8.3
306,Anori,BR,2022-03-06 22:23:25,-3.7728,-61.6442,77.49,89,98,1.7
307,Dudinka,RU,2022-03-06 22:23:28,69.4058,86.1778,-38.61,100,46,3.22
308,Saint-Pierre,RE,2022-03-06 22:23:30,-21.3393,55.4781,78.48,78,0,5.75
309,Olafsvik,IS,2022-03-06 22:20:53,64.8945,-23.7142,35.35,63,92,27.47
310,Pemangkat,ID,2022-03-06 22:23:31,1.1667,108.9667,79.38,82,100,2.98
311,Baruun-Urt,MN,2022-03-06 22:23:32,46.6806,113.2792,13.69,73,5,8.01
312,Tommot,RU,2022-03-06 22:23:33,58.9564,126.2925,-7.53,96,90,2.42
313,Camacari,BR,2022-03-06 22:23:35,-12.6975,-38.3242,78.57,89,47,5.23
314,Finschhafen,PG,2022-03-06 22:23:36,-6.6024,147.8681,81.84,78,100,4.45
315,Port Alberni,CA,2022-03-06 22:23:37,49.2413,-124.8028,56.16,59,16,3.0
316,Vagur,FO,2022-03-06 22:24:37,61.4732,-6.8119,45.0,85,100,35.54
317,Malyn,UA,2022-03-06 22:24:38,50.7723,29.2383,27.25,78,94,6.04
318,Santa Rosa,PH,2022-03-06 22:22:38,14.3122,121.1114,79.02,74,100,5.32
319,Urumqi,CN,2022-03-06 22:24:40,43.801,87.6005,27.55,93,100,4.47
320,Namibe,AO,2022-03-06 22:24:41,-15.1961,12.1522,71.85,68,88,7.05
321,Nchelenge,ZM,2022-03-06 22:24:43,-9.3451,28.734,69.12,88,98,3.56
322,Coquimbo,CL,2022-03-06 22:22:26,-29.9533,-71.3436,65.93,63,0,13.8
323,Calbuco,CL,2022-03-06 22:24:45,-41.768,-73.1273,58.21,89,100,17.67
324,Coihaique,CL,2022-03-06 22:24:45,-45.5752,-72.0662,57.81,76,75,4.61
325,Saurimo,AO,2022-03-06 22:24:46,-9.6608,20.3916,65.91,96,100,4.03
326,Nouadhibou,MR,2022-03-06 22:24:46,20.931,-17.0347,64.38,72,0,20.71
327,Harper,LR,2022-03-06 22:24:46,4.375,-7.7169,80.06,87,97,6.13
328,Touros,BR,2022-03-06 22:24:47,-5.1989,-35.4608,77.9,78,95,14.83
329,Naze,JP,2022-03-06 22:24:47,28.3667,129.4833,54.52,68,100,9.57
330,Cururupu,BR,2022-03-06 22:24:48,-1.8283,-44.8683,73.87,98,100,5.26
331,Tual,ID,2022-03-06 22:24:48,-5.6667,132.75,83.07,78,100,15.41
332,Sakakah,SA,2022-03-06 22:24:49,29.9697,40.2064,63.97,20,50,9.4
333,Yar-Sale,RU,2022-03-06 22:24:49,66.8333,70.8333,-25.83,100,89,9.1
334,Kidal,ML,2022-03-06 22:24:51,18.4411,1.4078,80.78,6,66,7.74
335,Nome,US,2022-03-06 22:24:51,64.5011,-165.4064,19.47,86,100,11.5
336,Yerbogachen,RU,2022-03-06 22:24:52,61.2767,108.0108,-26.21,100,100,1.23
337,Korhogo,CI,2022-03-06 22:24:52,9.45,-5.6333,88.34,28,78,0.98
338,Okha,RU,2022-03-06 22:24:53,53.5739,142.9478,7.09,96,100,6.96
339,Kurayoshi,JP,2022-03-06 22:24:53,35.4333,133.8167,42.71,64,100,5.44
340,Jaru,BR,2022-03-06 22:24:54,-10.4389,-62.4664,74.25,98,100,3.58
341,Rawson,AR,2022-03-06 22:20:52,-43.3002,-65.1023,75.33,29,33,17.54
342,Lata,PT,2022-03-06 22:24:56,40.1629,-8.3327,48.06,69,6,3.71
343,Castro,BR,2022-03-06 22:24:57,-24.7911,-50.0119,67.12,88,22,4.34
344,Lubango,AO,2022-03-06 22:24:59,-14.9172,13.4925,59.7,74,69,2.35
345,Corning,US,2022-03-06 22:24:59,42.1428,-77.0547,69.84,40,40,13.8
346,Livingstone,ZM,2022-03-06 22:25:02,-17.8419,25.8543,65.53,86,26,2.19
347,Galesong,ID,2022-03-06 22:25:04,-5.3166,119.3661,75.22,93,100,4.9
348,Moa,CU,2022-03-06 22:25:05,20.6569,-74.9403,77.72,76,13,14.76
349,Straumen,NO,2022-03-06 22:25:06,63.8709,11.2999,39.94,95,100,16.11
350,Benicarlo,ES,2022-03-06 22:25:06,40.4165,0.4271,49.24,87,100,10.78
351,Muroto,JP,2022-03-06 22:25:06,33.2833,134.15,41.04,56,100,5.55
352,Svetlogorsk,BY,2022-03-06 22:25:07,52.6333,29.7333,27.18,75,6,5.26
353,San Policarpo,PH,2022-03-06 22:25:07,12.1791,125.5072,78.8,88,100,9.6
354,Celestun,MX,2022-03-06 22:25:08,20.8667,-90.4,82.74,64,65,12.68
355,Rio Branco,BR,2022-03-06 22:25:10,-9.9747,-67.81,75.81,100,75,3.44
356,Baghdad,IQ,2022-03-06 22:21:17,33.3406,44.4009,64.31,45,75,13.8
357,Anloga,GH,2022-03-06 22:25:12,5.7947,0.8973,82.62,82,12,11.18
358,Rock Sound,BS,2022-03-06 22:25:13,24.9,-76.2,75.2,77,0,24.94
359,San Patricio,US,2022-03-06 22:25:14,28.017,-97.5169,83.08,64,79,21.16
360,Ambilobe,MG,2022-03-06 22:25:15,-13.2,49.05,71.83,93,100,1.77
361,Wagar,SD,2022-03-06 22:26:15,16.1525,36.2032,80.65,46,16,11.48
362,Meulaboh,ID,2022-03-06 22:26:16,4.1363,96.1285,75.63,86,96,3.38
363,Kathu,TH,2022-03-06 22:26:16,7.9178,98.3332,85.69,85,88,7.18
364,Ekhabi,RU,2022-03-06 22:26:16,53.5102,142.9671,6.91,96,100,7.34
365,Caconda,AO,2022-03-06 22:26:17,-13.7333,15.0667,63.28,89,100,0.45
366,Hami,CN,2022-03-06 22:26:17,42.8,93.45,43.83,21,92,1.68
367,Natal,BR,2022-03-06 22:24:47,-5.795,-35.2094,77.65,94,75,8.05
368,Kuching,MY,2022-03-06 22:26:18,1.55,110.3333,75.42,94,40,0.0
369,Okhotsk,RU,2022-03-06 22:26:20,59.3833,143.3,-7.94,93,25,6.93
370,Aksarayskiy,RU,2022-03-06 22:26:20,46.7924,48.0119,24.75,69,5,11.34
371,Tura,IN,2022-03-06 22:26:21,25.5198,90.2201,65.21,39,0,4.88
372,Fujin,CN,2022-03-06 22:26:21,47.26,132.0322,5.83,89,10,8.1
373,Inhuma,BR,2022-03-06 22:26:22,-6.6683,-41.7078,72.66,92,95,5.91
374,Emmett,US,2022-03-06 22:26:22,43.8735,-116.4993,48.0,39,21,13.0
375,Luanda,AO,2022-03-06 22:26:22,-8.8368,13.2343,80.15,78,100,9.01
376,Longyearbyen,SJ,2022-03-06 22:23:22,78.2186,15.6401,24.64,68,75,14.97
377,Maxixe,MZ,2022-03-06 22:26:24,-23.8597,35.3472,73.0,81,29,6.13
378,Tomatlan,MX,2022-03-06 22:26:25,19.9333,-105.25,86.16,35,0,8.32
379,Pocone,BR,2022-03-06 22:26:25,-16.2567,-56.6228,79.23,83,50,5.17
380,Bongandanga,CD,2022-03-06 22:23:57,1.5,21.05,70.14,91,85,2.77
381,Nioro,GM,2022-03-06 22:26:26,13.35,-15.75,77.85,27,75,6.76
382,Palu,ID,2022-03-06 22:26:28,-0.8917,119.8707,74.57,97,100,1.81
383,Gladstone,AU,2022-03-06 22:26:29,-23.85,151.25,76.93,83,100,8.05
384,Liberal,US,2022-03-06 22:26:31,37.0431,-100.921,43.83,38,100,11.5
385,Sorland,NO,2022-03-06 22:26:32,67.667,12.6934,39.43,70,99,14.97
386,Melfi,IT,2022-03-06 22:26:34,40.9965,15.6514,36.5,87,71,3.36
387,Aguimes,ES,2022-03-06 22:26:34,27.9054,-15.4461,61.66,63,40,10.36
388,Oranjemund,NA,2022-03-06 22:26:35,-28.55,16.4333,66.4,94,38,7.02
389,Hebi,CN,2022-03-06 22:26:35,35.8992,114.1925,44.28,55,28,2.93
390,Aldan,RU,2022-03-06 22:26:36,58.6031,125.3894,0.43,89,99,5.5
391,Margate,GB,2022-03-06 22:26:37,51.3813,1.3862,42.96,66,29,5.99
392,Albox,ES,2022-03-06 22:26:38,37.3886,-2.1495,51.66,82,96,2.48
393,Anadyr,RU,2022-03-06 22:26:38,64.75,177.4833,18.1,92,100,42.5
394,Nanga Eboko,CM,2022-03-06 22:26:39,4.6833,12.3667,71.19,85,99,2.98
395,Ostersund,SE,2022-03-06 22:26:40,63.1792,14.6357,32.61,100,75,8.05
396,Hervey Bay,AU,2022-03-06 22:26:41,-25.2986,152.8535,76.03,82,99,3.44
397,Hirtshals,DK,2022-03-06 22:26:41,57.5881,9.9592,30.02,65,1,5.84
398,Casale Monferrato,IT,2022-03-06 22:26:42,45.1334,8.4571,44.51,58,8,1.45
399,Maymyo,MM,2022-03-06 22:26:43,22.0333,96.4667,67.21,21,88,2.42
400,Mustasaari,FI,2022-03-06 22:26:44,63.1142,21.6822,29.34,93,0,9.22
401,Pangnirtung,CA,2022-03-06 22:26:44,66.1451,-65.7125,-16.02,100,99,0.98
402,West Fargo,US,2022-03-06 22:26:45,46.875,-96.9004,24.8,70,100,16.11
403,Hermosillo,MX,2022-03-06 22:21:46,29.0667,-110.9667,77.85,17,0,4.61
404,Cayenne,GF,2022-03-06 22:26:45,4.9333,-52.3333,75.24,92,75,5.01
405,Quatre Cocos,MU,2022-03-06 22:26:46,-20.2078,57.7625,79.09,85,100,18.37
406,Ancud,CL,2022-03-06 22:26:48,-41.8697,-73.8203,58.53,91,96,17.56
407,Igarka,RU,2022-03-06 22:27:48,67.4667,86.5833,-29.0,98,28,5.84
408,Zarubino,RU,2022-03-06 22:27:50,42.63,131.0922,25.48,54,18,6.98
409,Macau,MO,2022-03-06 22:27:52,22.2006,113.5461,67.71,94,40,9.22
410,Edd,ER,2022-03-06 22:27:53,13.9297,41.6925,81.3,38,50,19.24
411,Santiago Del Estero,AR,2022-03-06 22:27:55,-27.7951,-64.2615,87.89,54,34,3.4
412,Teahupoo,PF,2022-03-06 22:27:55,-17.8333,-149.2667,82.36,77,33,15.73
413,Panji,ID,2022-03-06 22:27:56,-7.7253,114.0995,75.18,89,100,4.83
414,Bongaree,AU,2022-03-06 22:27:57,-27.0797,153.1586,75.34,86,62,3.13
415,Saskylakh,RU,2022-03-06 22:27:57,71.9167,114.0833,-12.78,100,99,1.48
416,Brae,GB,2022-03-06 22:27:58,60.3964,-1.353,42.71,75,100,15.86
417,Itatiaia,BR,2022-03-06 22:27:58,-22.4961,-44.5633,71.04,94,43,2.8
418,Hambantota,LK,2022-03-06 22:27:59,6.1241,81.1185,76.68,85,84,5.23
419,Chicama,PE,2022-03-06 22:27:59,-7.8447,-79.1469,72.14,58,32,8.93
420,Ponta Do Sol,PT,2022-03-06 22:28:01,32.6667,-17.1,62.06,73,12,3.71
421,Brooks,CA,2022-03-06 22:28:01,50.5834,-111.8851,30.18,73,64,6.91
422,Taksimo,RU,2022-03-06 22:25:06,56.3444,114.8794,3.11,95,100,1.19
423,Odessa,UA,2022-03-06 22:28:03,46.4775,30.7326,33.08,66,6,3.49
424,Iralaya,HN,2022-03-06 22:28:03,15.0,-83.2333,84.29,73,100,11.41
425,Bud,US,2022-03-06 22:28:04,39.447,-86.1758,64.42,59,34,9.64
426,Colquechaca,BO,2022-03-06 22:28:04,-18.6667,-66.0167,45.79,52,43,9.51
427,Vicuna,CL,2022-03-06 22:24:15,-30.0319,-70.7081,58.73,46,5,7.52
428,Eyl,SO,2022-03-06 22:28:06,7.9803,49.8164,74.55,71,10,12.19
429,Lazaro Cardenas,MX,2022-03-06 22:28:07,17.9583,-102.2,83.21,51,8,10.45
430,Tessalit,ML,2022-03-06 22:28:08,20.1986,1.0114,73.11,7,67,9.04
431,Gelibolu,TR,2022-03-06 22:28:08,40.4103,26.6708,44.46,95,100,11.21
432,Kushmurun,KZ,2022-03-06 22:28:08,52.4503,64.6311,9.01,92,100,9.31
433,Ambulu,ID,2022-03-06 22:28:09,-8.345,113.6058,75.85,91,96,2.39
434,Christchurch,NZ,2022-03-06 22:25:31,-43.5333,172.6333,64.9,81,75,9.22
435,Port Macquarie,AU,2022-03-06 22:28:12,-31.4333,152.9167,71.56,91,99,6.26
436,Ithaki,GR,2022-03-06 22:28:14,38.3642,20.7185,44.17,57,100,8.72
437,Mandalgovi,MN,2022-03-06 22:28:14,45.7625,106.2708,25.2,42,37,11.45
438,Broken Hill,AU,2022-03-06 22:28:15,-31.95,141.4333,62.31,67,0,17.27
439,Odemira,PT,2022-03-06 22:28:17,37.598,-8.6397,51.17,71,10,4.81
440,Betma,IN,2022-03-06 22:28:18,22.6833,75.6167,70.48,20,50,6.51
441,Amontada,BR,2022-03-06 22:28:19,-3.3617,-39.8317,76.98,84,99,4.99
442,Laguna,US,2022-03-06 22:28:20,38.421,-121.4238,66.29,33,0,9.22
443,Salalah,OM,2022-03-06 22:28:22,17.0151,54.0924,73.49,73,0,3.44
444,Gallup,US,2022-03-06 22:28:23,35.5281,-108.7426,36.36,44,40,24.16
445,Ponta Delgada,PT,2022-03-06 22:28:25,37.7333,-25.6667,63.5,94,75,16.11
446,Gambela,ET,2022-03-06 22:28:25,8.25,34.5833,86.07,29,100,2.59
447,Gbarnga,LR,2022-03-06 22:28:26,6.9956,-9.4722,76.95,84,90,3.69
448,Nongpoh,IN,2022-03-06 22:28:28,25.9,91.8833,60.6,42,0,4.25
449,Faya,SA,2022-03-06 22:28:29,18.3851,42.4509,57.31,66,11,1.97
450,Bandarbeyla,SO,2022-03-06 22:28:29,9.4942,50.8122,75.87,68,39,11.36
451,Katsuura,JP,2022-03-06 22:28:29,35.1333,140.3,42.91,45,5,18.25
452,Sorong,ID,2022-03-06 22:29:30,-0.8833,131.25,79.56,80,100,3.94
453,Egvekinot,RU,2022-03-06 22:29:33,66.3167,-179.1667,10.33,85,100,10.31
454,Lompoc,US,2022-03-06 22:29:34,34.6391,-120.4579,66.78,62,0,23.02
455,Catamarca,AR,2022-03-06 22:29:34,-28.4696,-65.7852,79.77,66,41,3.0
456,Boa Vista,BR,2022-03-06 22:27:24,2.8197,-60.6733,87.78,55,40,8.05
457,Ulaangom,MN,2022-03-06 22:29:34,49.9811,92.0667,1.62,86,100,2.89
458,Mariestad,SE,2022-03-06 22:29:36,58.7097,13.8237,36.07,81,3,7.9
459,Yumen,CN,2022-03-06 22:29:37,40.2833,97.2,34.75,39,65,7.92
460,Khani,GE,2022-03-06 22:29:37,41.9563,42.9566,24.37,79,29,5.41
461,Kralendijk,BQ,2022-03-06 22:29:13,12.15,-68.2667,80.58,69,40,18.41
462,Giyani,ZA,2022-03-06 22:29:39,-23.3025,30.7187,72.72,76,71,8.5
463,Atar,MR,2022-03-06 22:29:41,20.5169,-13.0499,67.96,16,0,9.31
464,Gavle,SE,2022-03-06 22:29:43,60.6745,17.1417,37.51,70,6,5.99
465,Padang,ID,2022-03-06 22:29:43,-0.9492,100.3543,75.25,84,100,4.27
466,Glebychevo,RU,2022-03-06 22:29:43,60.4387,28.7183,28.96,98,100,7.07
467,Kungurtug,RU,2022-03-06 22:29:44,50.5994,97.5228,18.21,91,100,2.91
468,Fremont,US,2022-03-06 22:26:30,37.5483,-121.9886,67.55,52,0,11.5
469,Ixtapa,MX,2022-03-06 22:25:25,20.7,-105.2,79.83,50,0,14.97
470,Bilma,NE,2022-03-06 22:29:46,18.6853,12.9164,83.5,10,22,7.23
471,Banda Aceh,ID,2022-03-06 22:25:03,5.5577,95.3222,77.99,85,96,5.68
472,Novyy Oskol,RU,2022-03-06 22:29:47,50.7631,37.8691,10.49,97,60,5.19
473,Nishihara,JP,2022-03-06 22:29:48,26.1842,127.7558,61.88,72,100,10.36
474,Kaka,TM,2022-03-06 22:29:48,37.3482,59.6143,50.41,60,85,0.63
475,Saldanha,ZA,2022-03-06 22:29:49,-33.0117,17.9442,68.05,96,10,20.07
476,Paamiut,GL,2022-03-06 22:29:49,61.994,-49.6678,19.65,95,100,5.73
477,Gat,IL,2022-03-06 22:29:51,31.61,34.7642,61.39,100,0,4.7
478,Geraldton,AU,2022-03-06 22:29:51,-28.7667,114.6,72.01,40,62,11.5
479,Liverpool,GB,2022-03-06 22:28:39,53.4106,-2.9779,38.82,76,0,6.91
480,Mishan,CN,2022-03-06 22:29:52,45.55,131.8833,3.92,95,19,3.85
481,Izumo,JP,2022-03-06 22:26:12,35.3667,132.7667,31.95,80,75,9.22
482,Cockburn Town,TC,2022-03-06 22:29:55,21.4612,-71.1419,76.96,73,40,20.71
483,Luwuk,ID,2022-03-06 22:29:56,-0.9516,122.7875,77.16,91,97,4.43
484,Labuan,MY,2022-03-06 22:29:57,5.2767,115.2417,77.36,94,20,0.0
485,Kyra,RU,2022-03-06 22:29:57,49.5776,111.9753,7.32,94,100,3.0
486,Dubbo,AU,2022-03-06 22:25:31,-32.25,148.6167,71.73,78,75,11.5
487,Avallon,FR,2022-03-06 22:29:58,47.4833,3.9,29.32,77,0,5.28
488,Dormont,US,2022-03-06 22:29:58,40.3959,-80.0331,66.97,74,75,17.27
489,Kshenskiy,RU,2022-03-06 22:29:59,51.8408,37.7136,14.36,93,27,7.94
490,Tecuala,MX,2022-03-06 22:29:59,22.3986,-105.4569,85.46,28,0,11.63
491,Melenki,RU,2022-03-06 22:30:00,55.3343,41.6295,25.66,93,100,8.97
492,Vestmanna,FO,2022-03-06 22:30:02,62.1564,-7.1664,43.72,93,100,23.02
493,Springbok,ZA,2022-03-06 22:30:03,-29.6643,17.8865,71.69,64,71,6.15
494,Coffeyville,US,2022-03-06 22:30:03,37.0373,-95.6164,43.25,69,100,14.97
495,Siderno,IT,2022-03-06 22:30:04,38.2779,16.302,51.78,74,100,6.76
496,Ahuimanu,US,2022-03-06 22:30:06,21.4447,-157.8378,82.11,56,20,10.36
497,Toora-Khem,RU,2022-03-06 22:30:08,52.4675,96.11,13.01,97,100,2.15
498,Ginir,ET,2022-03-06 22:30:09,7.1333,40.7,59.9,30,37,6.15
499,Saint-Georges,GD,2022-03-06 22:31:09,12.0564,-61.7485,80.28,69,20,17.27
500,Wewak,PG,2022-03-06 22:31:11,-3.5534,143.6268,80.24,84,89,3.71
501,Marsh Harbour,BS,2022-03-06 22:30:30,26.5412,-77.0636,74.19,74,2,19.1
502,Mizdah,LY,2022-03-06 22:31:12,31.4451,12.9801,49.77,75,7,12.68
503,Aktau,KZ,2022-03-06 22:27:05,43.65,51.2,34.38,53,100,23.17
504,Vanino,RU,2022-03-06 22:31:13,49.0869,140.2543,15.15,85,87,2.01
505,Port Moresby,PG,2022-03-06 22:31:14,-9.4431,147.1797,80.02,78,40,5.75
506,Sisimiut,GL,2022-03-06 22:31:15,66.9395,-53.6735,7.86,94,100,13.27
507,Opuwo,NA,2022-03-06 22:31:16,-18.0607,13.84,67.3,48,63,3.94
508,Palmas,BR,2022-03-06 22:29:13,-10.2128,-48.3603,76.98,84,75,12.66
509,Ilhabela,BR,2022-03-06 22:31:19,-23.7781,-45.3581,77.74,88,35,5.3
510,Sitka,US,2022-03-06 22:31:20,57.0531,-135.33,42.69,81,100,0.0
511,Sao Jose Da Coroa Grande,BR,2022-03-06 22:31:21,-8.8978,-35.1478,79.14,73,94,8.61
512,Pimentel,PE,2022-03-06 22:31:21,-6.8367,-79.9342,79.09,57,0,13.8
513,Hidalgotitlan,MX,2022-03-06 22:31:22,17.7833,-94.6333,80.62,74,100,9.55
514,Kalianget,ID,2022-03-06 22:31:24,-7.05,113.9333,80.11,81,98,1.57
515,Bay Roberts,CA,2022-03-06 22:31:25,47.5999,-53.2648,26.33,61,98,1.99
516,Kazachinskoye,RU,2022-03-06 22:31:26,57.6953,93.2761,33.73,92,100,8.25
517,Petropavlovsk-Kamchatskiy,RU,2022-03-06 22:31:27,53.0452,158.6483,19.99,73,75,4.47
518,Ketchikan,US,2022-03-06 22:31:29,55.3422,-131.6461,43.27,81,100,12.66
519,Lar,IN,2022-03-06 22:31:30,26.2039,83.9717,60.93,50,0,3.96
520,Oksfjord,NO,2022-03-06 22:31:32,70.2396,22.3479,27.52,93,98,6.76
521,Axim,GH,2022-03-06 22:31:33,4.8699,-2.2405,79.66,88,2,5.93
522,Billings,US,2022-03-06 22:27:58,45.7833,-108.5007,31.93,63,75,3.44
523,Krasnokholm,RU,2022-03-06 22:31:35,51.5979,54.1567,6.26,95,24,7.27
524,Mehran,IR,2022-03-06 22:31:37,33.1222,46.1646,62.08,29,100,17.31
525,Catuday,PH,2022-03-06 22:31:37,16.2923,119.8062,77.36,77,80,4.0
526,Bage,BR,2022-03-06 22:31:38,-31.3314,-54.1069,73.18,100,100,6.91
527,Praia Da Vitoria,PT,2022-03-06 22:31:39,38.7333,-27.0667,62.85,82,75,31.36
528,Tres Arroyos,AR,2022-03-06 22:31:39,-38.3739,-60.2798,60.94,80,100,11.14
529,Bilibino,RU,2022-03-06 22:31:40,68.0546,166.4372,-5.39,88,52,3.58
530,Evensk,RU,2022-03-06 22:31:42,61.95,159.2333,3.88,80,92,9.64
531,Praxedis Guerrero,MX,2022-03-06 22:31:43,31.3667,-106.0167,63.43,13,0,26.49
532,De Aar,ZA,2022-03-06 22:31:45,-30.6497,24.0123,61.12,89,100,3.33
533,Port Hardy,CA,2022-03-06 22:30:25,50.6996,-127.4199,55.76,81,75,9.22
534,Katunino,RU,2022-03-06 22:31:48,64.3862,40.6298,3.09,92,100,6.4
535,Umm Kaddadah,SD,2022-03-06 22:28:41,13.6017,26.6876,77.45,10,10,12.53
536,Mikumi,TZ,2022-03-06 22:31:50,-7.4041,36.9831,68.99,96,66,0.38
537,Peddapalli,IN,2022-03-06 22:31:51,18.6167,79.3667,71.24,60,13,5.55
538,North Platte,US,2022-03-06 22:31:52,41.1239,-100.7654,25.99,63,100,17.27
539,Ocna Sibiului,RO,2022-03-06 22:31:52,45.8833,24.05,32.22,80,75,2.3
540,Pilikwe,BW,2022-03-06 22:31:53,-22.799,27.1938,67.51,79,62,6.71
541,Senador Guiomard,BR,2022-03-06 22:31:54,-10.1522,-67.7392,74.95,97,100,4.27
542,Candido Mendes,BR,2022-03-06 22:31:56,-1.4467,-45.7167,73.78,98,100,5.17
543,Matay,EG,2022-03-06 22:31:56,28.419,30.7792,60.39,71,73,9.86
544,Rio Gallegos,AR,2022-03-06 22:29:28,-51.6226,-69.2181,55.45,35,75,5.75
545,Madera,US,2022-03-06 22:31:59,37.1666,-119.8343,60.71,55,32,5.08
546,Martapura,ID,2022-03-06 22:30:44,-3.4167,114.85,77.09,94,100,5.75
547,Meadow Lake,US,2022-03-06 22:30:25,34.8014,-106.5436,46.67,23,94,28.48
548,Matagami,CA,2022-03-06 22:33:03,49.7502,-77.6328,24.91,86,100,8.05
549,Meligalas,GR,2022-03-06 22:28:32,37.2167,21.9667,49.39,93,62,2.3
550,Kastamonu,TR,2022-03-06 22:33:04,41.5,33.6667,29.14,94,25,0.85
